{"cameraMode":{"drawMode":0,"name":"Shaded","section":"Shading Mode"},"sceneLighting":false,"audioPlay":false,"sceneViewState":{"showFog":true,"showMaterialUpdate":true,"showSkybox":false,"showFlares":true,"showImageEffects":true,"showParticleSystems":true},"in2DMode":false,"pivot":{"x":0.7289423942565918,"y":1.7052791118621827,"z":-28.30000114440918},"rotation":{"x":-0.48807212710380556,"y":-0.03481622412800789,"z":0.01947987824678421,"w":-0.8719194531440735},"size":2.392780303955078,"orthographic":false}