{"cameraMode":{"drawMode":0,"name":"Shaded","section":"Shading Mode"},"sceneLighting":false,"audioPlay":false,"sceneViewState":{"showFog":true,"showMaterialUpdate":true,"showSkybox":false,"showFlares":true,"showImageEffects":true,"showParticleSystems":true},"in2DMode":false,"pivot":{"x":8.46066665649414,"y":3.7041077613830568,"z":5.7849016189575199},"rotation":{"x":-0.30830520391464236,"y":0.5419238209724426,"z":-0.2229766845703125,"w":-0.7494063973426819},"size":1.3666181564331055,"orthographic":false}