{"cameraMode":{"drawMode":0,"name":"Shaded","section":"Shading Mode"},"sceneLighting":true,"audioPlay":false,"sceneViewState":{"showFog":true,"showMaterialUpdate":true,"showSkybox":true,"showFlares":true,"showImageEffects":true,"showParticleSystems":true},"in2DMode":false,"pivot":{"x":-21.2627010345459,"y":18.730806350708009,"z":20.901283264160158},"rotation":{"x":-0.2979457676410675,"y":-0.3150346875190735,"z":0.10481575131416321,"w":-0.8951214551925659},"size":4.274099349975586,"orthographic":false}