{"cameraMode":{"drawMode":0,"name":"Shaded","section":"Shading Mode"},"sceneLighting":false,"audioPlay":false,"sceneViewState":{"showFog":true,"showMaterialUpdate":true,"showSkybox":false,"showFlares":true,"showImageEffects":true,"showParticleSystems":true},"in2DMode":false,"pivot":{"x":1.9311037063598633,"y":3.3269052505493166,"z":20.911317825317384},"rotation":{"x":-0.31235551834106448,"y":-0.5666568279266357,"z":0.24520030617713929,"w":-0.7221046686172485},"size":1.3041239976882935,"orthographic":false}