{"cameraMode":{"drawMode":0,"name":"Shaded","section":"Shading Mode"},"sceneLighting":false,"audioPlay":false,"sceneViewState":{"showFog":true,"showMaterialUpdate":false,"showSkybox":false,"showFlares":true,"showImageEffects":true,"showParticleSystems":true},"in2DMode":false,"pivot":{"x":-2.099091053009033,"y":2.905578136444092,"z":0.24387477338314057},"rotation":{"x":-0.06768738478422165,"y":0.04547591879963875,"z":-0.003088883124291897,"w":-0.9966723918914795},"size":2.01574969291687,"orthographic":false}