{"cameraMode":{"drawMode":0,"name":"Shaded","section":"Shading Mode"},"sceneLighting":false,"audioPlay":false,"sceneViewState":{"showFog":true,"showMaterialUpdate":false,"showSkybox":false,"showFlares":true,"showImageEffects":true,"showParticleSystems":true},"in2DMode":false,"pivot":{"x":5.019999980926514,"y":6.939502716064453,"z":-9.331502914428711},"rotation":{"x":0.11762792617082596,"y":-0.0038461105432361366,"z":0.0004337881982792169,"w":0.9930750131607056},"size":12.666272163391114,"orthographic":false}